Tên,Giá,RAM,SSD,Rating,Đã bán
Asus Vivobook Go 15 E1504FA R5 7520U (NJ776W),12.990.000₫,RAM 16 GB,SSD 512 GB,4.9,"17,3k"
HP 15 fc0085AU R5 7430U (A6VV8PA),13.690.000₫,RAM 16 GB,SSD 512 GB,4.9,"7,3k"
Dell Inspiron 15 3520 i5 1235U (N5I5057W1),16.490.000₫,RAM 16 GB,SSD 512 GB,4.9,"1,2k"
Acer Aspire 7 A715 76 53PJ i5 12450H (NH.QGESV.007),13.990.000₫,RAM 16 GB,SSD 512 GB,5,"1,2k"
MacBook Air 13 inch M4 16GB/256GB,26.990.000₫,RAM 16 GB,SSD 256 GB,4.9,66
HP 15 fd0234TU i5 1334U (9Q969PA),16.190.000₫,RAM 16 GB,SSD 512 GB,4.9,"6,5k"
Asus Vivobook 15 OLED A1505ZA i5 12500H (MA415W),16.690.000₫,RAM 16 GB,SSD 512 GB,4.9,"6,4k"
MacBook Air 13 inch M1 8GB/256GB,17.090.000₫,RAM 8 GB,SSD 256 GB,4.9,"12,7k"
Acer Aspire 3 A314 42P R3B3 R7 5700U (NX.KSFSV.001),12.790.000₫,RAM 16 GB,SSD 512 GB,4.9,"2,5k"
Lenovo IdeaPad Slim 3 15IRH10 i5 13420H (83K1000HVN),16.490.000₫,RAM 16 GB,SSD 512 GB,4.9,287
Dell Inspiron 15 3520 i5 1235U,16.490.000₫,RAM 16 GB,SSD 512 GB,4.9,"9,6k"
HP 15 fd0303TU i3 1315U (A2NL4PA),11.690.000₫,RAM 8 GB,SSD 512 GB,5,"5,6k"
Asus Vivobook 15 X1504ZA i5 1235U (NJ1608W),14.690.000₫,RAM 16 GB,SSD 512 GB,4.9,2k
Acer Aspire Lite 14 51M 36PN i3 1215U (NX.KTWSV.001),9.990.000₫,RAM 8 GB,SSD 512 GB,5,"2,6k"
Lenovo Ideapad Slim 3 15AMN8 R5 7520U (82XQ00J0VN),13.190.000₫,RAM 16 GB,SSD 512 GB,4.9,"3,7k"
MacBook Air 13 inch M2 16GB/256GB,21.790.000₫,RAM 16 GB,SSD 256 GB,5,"3,3k"
HP 240 G9 i5 1235U (AG2J7AT),15.890.000₫,RAM 16 GB,SSD 512 GB,5,3k
Lenovo Gaming LOQ Essential 15IAX9E i5 12450HX (83LK000BVN),17.690.000₫,RAM 16 GB,SSD 512 GB,4.9,952
Acer Aspire Go AG15 31P 30M4 i3 N305 (NX.KRPSV.004),9.790.000₫,RAM 8 GB,SSD 256 GB,N/A,N/A
Asus Vivobook 15 OLED A1505VA i5 13500H (L1341W),18.690.000₫,RAM 16 GB,SSD 512 GB,4.9,"3,7k"
HP Pavilion 15 eg3093TU i5 1335U (8C5L4PA),18.190.000₫,RAM 16 GB,SSD 512 GB,4.9,"3,5k"
Asus Vivobook X1404ZA i5 1235U (NK376W),14.690.000₫,RAM 16 GB,SSD 512 GB,4.9,"6,3k"
Dell Inspiron 15 3520 i7 1255U (N5I7125W1),19.990.000₫,RAM 16 GB,SSD 512 GB,5,727
Acer Aspire Lite 14 51M 36MH i3 1215U (NX.KTVSV.001),9.590.000₫,RAM 8 GB,SSD 256 GB,5,"2,6k"
Lenovo Ideapad Slim 3 15IAH8 i5 12450H (83ER000EVN),14.690.000₫,RAM 16 GB,SSD 512 GB,4.9,8k
Asus Vivobook 15 X1504ZA i3 1215U (NJ102W),10.690.000₫,RAM 8 GB,SSD 512 GB,4.9,"9,9k"
HP Gaming VICTUS 15 fb1022AX R5 7535HS (94F19PA),16.990.000₫,RAM 16 GB,SSD 512 GB,5,"2,7k"
Acer Aspire Lite 16 G2 AL16 52P 572A i5 1334U (NX.J2SSV.004),14.290.000₫,RAM 16 GB,SSD 512 GB,5,258
MacBook Air 13 inch M3 16GB/256GB,24.790.000₫,RAM 16 GB,SSD 256 GB,5,847
Lenovo Gaming LOQ 15IAX9 i5 12450HX (83GS00D9VN),23.190.000₫,RAM 24 GB,SSD 512 GB,5,"2,5k"
MSI Gaming Thin 15 B12UCX i5 12450H (2046VN),16.190.000₫,RAM 16 GB,SSD 512 GB,5,"1,3k"
HP 240 G9 i3 1215U (AG2J5AT),11.190.000₫,RAM 8 GB,SSD 512 GB,5,"1,9k"
Dell Inspiron 15 3520 i5 1235U (N3520-i5U165W11BLU-FP),16.490.000₫,RAM 16 GB,SSD 512 GB,5,"1,6k"
HP 245 G10 R5 7530U (A20TDPT),12.890.000₫,RAM 8 GB,SSD 512 GB,4.9,"4,3k"
Asus Gaming Vivobook K3605ZF i5 12500H (RP745W),17.690.000₫,RAM 16 GB,SSD 512 GB,4.9,"2,9k"
Acer Nitro V 15 ANV15 41 R2UP R5 6600H (NH.QPGSV.004),18.990.000₫,RAM 16 GB,SSD 512 GB,5,277
Lenovo Ideapad Slim 3 15IRH8 i7 13620H (83EM003FVN),19.190.000₫,RAM 16 GB,SSD 1 TB,4.9,2k
Asus TUF Gaming F15 FX507ZC4 i5 12500H (HN330W),20.690.000₫,RAM 16 GB,SSD 512 GB,4.9,"1,4k"
MSI Modern 15 B12MO i5 1235U (628VN),12.690.000₫,RAM 16 GB,SSD 512 GB,4.9,"2,2k"
Asus Vivobook X1404ZA i3 1215U (NK246W),10.690.000₫,RAM 8 GB,SSD 512 GB,4.9,"5,9k"
Dell Inspiron 15 3520 i5 1235U (N5I5052W1),16.490.000₫,RAM 16 GB,SSD 512 GB,5,"8,4k"
Acer Aspire Lite AL14 52M 54CJ i5 1334U (NX.J39SV.002),14.390.000₫,RAM 16 GB,SSD 512 GB,5,88
Asus Vivobook 15 X1504VA i3 1315U (NJ1634W),11.190.000₫,RAM 8 GB,SSD 512 GB,5,91
HP 15 fd0015TU i7 1355U (A19C5PA),20.190.000₫,RAM 16 GB,SSD 512 GB,4.9,"2,6k"
HP Gaming VICTUS 15 fa1139TX i5 12450H (8Y6W3PA),17.990.000₫,RAM 16 GB,SSD 512 GB,4.9,"3,1k"
Lenovo IdeaPad Slim 3 15IRH10 i7 13620H (83K1000FVN),20.490.000₫,RAM 24 GB,SSD 512 GB,5,91
MSI Modern 15 F13MG i5 1335U (082VN),14.690.000₫,RAM 16 GB,SSD 512 GB,5,148
Dell Inspiron 15 3520 i7 1255U (71053682),19.990.000₫,RAM 16 GB,SSD 512 GB,5,349
Asus TUF Gaming A15 FA506NFR R7 7435HS (HN113W),17.990.000₫,RAM 16 GB,SSD 512 GB,4.9,500
Asus Vivobook 15 X1504ZA i5 1235U (NJ1546W),14.690.000₫,RAM 16 GB,SSD 512 GB,4.9,"1,4k"
Acer Aspire Lite 14 51M 59BN i5 1235U (NX.KTXSV.001),13.990.000₫,RAM 16 GB,SSD 512 GB,4.9,"2,9k"
HP 240 G10 i5 1335U (9H2E4PT),17.590.000₫,RAM 16 GB,SSD 512 GB,4.9,"1,4k"
HP Pavilion X360 14 ek2024TU Core 5 120U (9Z2V6PA),23.990.000₫,RAM 16 GB,SSD 512 GB,5,982
Acer Aspire 3 A315 44P R9W8 R7 5700U (NX.KSJSV.002),11.290.000₫,RAM 8 GB,SSD 512 GB,4.9,"4,1k"
Lenovo Ideapad Slim 3 16IRH10 i5 13420H (83K20003VN),17.490.000₫,RAM 24 GB,SSD 512 GB,5,62
MSI Gaming GF63 Thin 12VE i5 12450H (460VN),19.690.000₫,RAM 16 GB,SSD 512 GB,4.9,"2,1k"
Dell Inspiron 15 3520 i5 1235U (N3520-i5U085W11SLU),14.490.000₫,RAM 8 GB,SSD 512 GB,5,728
Lenovo Gaming LOQ 15IAX9 i5 12450HX (83GS000JVN),22.190.000₫,RAM 16 GB,SSD 512 GB,4.9,"4,4k"
Asus Vivobook 16 X1605VA i5 1335U (MB360W),14.890.000₫,RAM 16 GB,SSD 512 GB,4.9,"4,2k"
Acer Gaming Aspire 5 A515 58GM 53PZ i5 13420H (NX.KQ4SV.008),16.690.000₫,RAM 8 GB,SSD 512 GB,4.9,"1,1k"
Acer Aspire 3 A315 59 5283 i5 1235U (NX.K6TSV.00B),13.690.000₫,RAM 8 GB,SSD 512 GB,4.9,"2,4k"
Asus Gaming Vivobook K3605ZC i5 12500H (RP629W),19.490.000₫,RAM 16 GB,SSD 512 GB,4.9,"1,2k"
Lenovo Gaming LOQ Essential 15IAX9E i5 12450HX (83LK0079VN),20.690.000₫,RAM 16 GB,SSD 512 GB,N/A,N/A
HP Pavilion 15 eg3091TU i7 1355U (8C5L2PA),23.690.000₫,RAM 16 GB,SSD 512 GB,4.9,"1,4k"
HP 15 fd1063TU Ultra 5 125H (9Z2Y1PA),19.990.000₫,RAM 16 GB,SSD 512 GB,5,670
MSI Gaming Katana 15 B13VFK i7 13620H (676VN),28.690.000₫,RAM 16 GB,SSD 1 TB,4.9,496
Dell Inspiron 15 3520 i7 1255U (25P2315),19.990.000₫,RAM 16 GB,SSD 512 GB,5,282
Acer Nitro V 15 ANV15 41 R1JY R5 6600H (NH.QPFSV.001),20.490.000₫,RAM 16 GB,SSD 512 GB,5,268
Acer Gaming Nitro 5 Tiger AN515 58 52SP i5 12500H (NH.QFHSV.001),19.690.000₫,RAM 8 GB,SSD 512 GB,4.9,"1,2k"
Asus Vivobook S 16 OLED S5606MA Ultra 5 125H (MX050W),23.990.000₫,RAM 16 GB,SSD 512 GB,4.9,835
Lenovo Ideapad Slim 5 14IAH8 i5 12450H (83BF003WVN),17.690.000₫,RAM 16 GB,SSD 1 TB,4.9,"2,9k"
Asus TUF Gaming A15 FA507NUR R7 7435HS (LP057W),24.490.000₫,RAM 16 GB,SSD 512 GB,5,543
MSI Gaming Thin 15 B12UC i5 12450H (2045VN),18.190.000₫,RAM 16 GB,SSD 512 GB,5,772
HP Pavilion X360 14 ek2027TU Core 7 150U (9Z2V9PA),27.190.000₫,RAM 16 GB,SSD 512 GB,5,358
GIGABYTE G5 MF5 RC555 i5 13500H (9RC55MF5FEIAA1VN0C0),21.990.000₫,RAM 16 GB,SSD 512 GB,5,15
Dell Latitude 3440 i5 1235U (L3440-I51235U-16G512G),16.990.000₫,RAM 16 GB,SSD 512 GB,4.9,"1,9k"
Acer Gaming Aspire 5 A515 58GM 51LB i5 13420H (NX.KQ4SV.002),16.990.000₫,RAM 16 GB,SSD 512 GB,4.9,"5,9k"
Lenovo Gaming LOQ 15ARP9 R7 7435HS (83JC0040VN),26.690.000₫,RAM 24 GB,SSD 512 GB,5,886
Acer Aspire 16 AI A16 71M 59L5 Ultra 5 125H (NX.J4YSV.001),18.690.000₫,RAM 16 GB,SSD 512 GB,5,56
Asus Zenbook 14 OLED UX3402VA i5 13500H (KM657W),23.690.000₫,RAM 16 GB,SSD 512 GB,4.9,909
Asus TUF Gaming F15 FX507VV i7 13620H (LP151W),28.890.000₫,RAM 16 GB,SSD 512 GB,5,407
HP Envy x360 14 fc0162TU Ultra 5 125U (AY8X1PA),28.690.000₫,RAM 16 GB,SSD 512 GB,4.9,118
Lenovo IdeaPad Slim 5 OLED 14AHP10 R7 8845HS (83HV001MVN),25.090.000₫,RAM 32 GB,SSD 512 GB,5,4
MSI Gaming Katana 15 B13UDXK i7 13620H (2077VN),24.690.000₫,RAM 16 GB,SSD 1 TB,4.9,740
HP VICTUS 16 r0283TX i5 13500H (AD9T3PA),23.690.000₫,RAM 16 GB,SSD 512 GB,5,109
Acer Aspire Lite AL16 51P 596H i5 1235U (NX.KWZSV.002),13.690.000₫,RAM 8 GB,SSD 512 GB,5,657
Acer Aspire Lite 16 G2 AL16 52P 76DU i7 1355U (NX.J2SSV.005),17.490.000₫,RAM 16 GB,SSD 512 GB,5,131
Asus TUF Gaming F15 FX507ZC4 i7 12700H (HNi7MW),22.990.000₫,RAM 16 GB,SSD 512 GB,5,128
Asus Vivobook 14 X1404VA i5 1335U (NK050W),14.990.000₫,RAM 16 GB,SSD 512 GB,4.9,3k
MSI Thin 15 B13UC i7 13620H (1411VN),21.490.000₫,RAM 32 GB,SSD 512 GB,4.9,286
Dell Inspiron 15 3530 i5 1334U (N3530-i5U165W11SLU),18.490.000₫,RAM 16 GB,SSD 512 GB,4.9,"1,4k"
HP Pavilion 15 eg2081TU i5 1240P (7C0Q4PA),18.190.000₫,RAM 16 GB,SSD 512 GB,4.9,"4,6k"
Lenovo IdeaPad 5 2in1 14IRH9 i7 13620H (83KX003XVN),24.990.000₫,RAM 16 GB,SSD 512 GB,5,13
HP Pavilion 15 eg2088TU i7 1260P (7C0R0PA),22.590.000₫,RAM 16 GB,SSD 512 GB,4.9,"1,6k"
Lenovo IdeaPad Slim 5 14IMH9 Ultra 7 155H (83DA0020VN),27.490.000₫,RAM 32 GB,SSD 1 TB,4.9,212
Dell Inspiron 15 3520 i7 1255U (N3520-i7U165W11BLU-FP),19.990.000₫,RAM 16 GB,SSD 512 GB,5,245
MacBook Air 13 inch M2 10GPU,23.990.000₫,RAM 16 GB,SSD 256 GB,5,672
Asus Vivobook 16 X1605VA i5 13420H (MB1876WS),16.490.000₫,RAM 16 GB,SSD 512 GB,5,28
Asus Vivobook 16 X1605VA i7 13620H (MB1875WS),18.690.000₫,RAM 16 GB,SSD 512 GB,5,25
Asus Zenbook 14 OLED UX3405MA Ultra 5 125H,26.690.000₫,RAM 16 GB,SSD 512 GB,4.9,"1,1k"
Acer Gaming Aspire 7 A715 76G 5806 i5 12450H (NH.QMFSV.002),19.290.000₫,RAM 16 GB,SSD 512 GB,4.9,1k
MSI Gaming Cyborg 15 A13VEK i7 13620H (1423VN),24.690.000₫,RAM 16 GB,SSD 512 GB,5,451
Lenovo IdeaPad 5 2in1 14IRH9 i5 13420H (83KX003WVN),21.990.000₫,RAM 16 GB,SSD 512 GB,5,34
Lenovo Ideapad 1 15ALC7 R7 5700U (82R400C1VN),13.690.000₫,RAM 16 GB,SSD 512 GB,4.9,"3,6k"
HP Pavilion 15 eg2082TU i5 1240P (7C0Q5PA),16.990.000₫,RAM 8 GB,SSD 512 GB,4.9,"3,4k"
Lenovo Ideapad Slim 5 15IRU9 Core 5 120U (83D0000EVN),18.690.000₫,RAM 16 GB,SSD 512 GB,5,651
HP Elitebook 630 G11 Ultra 7 155U (A7LC5PT),25.690.000₫,RAM 16 GB,SSD 512 GB,5,41
Dell Vostro 3530 i5 1335U (80GG93),18.490.000₫,RAM 16 GB,SSD 512 GB,4.9,"1,4k"
Acer Aspire 5 A514 56P 54TN i5 1335U (NX.KHRSV.004),14.690.000₫,RAM 8 GB,SSD 512 GB,5,334
Asus TUF Gaming F15 FX507VU i7 13620H (LP186W),27.590.000₫,RAM 16 GB,SSD 512 GB,5,343
Asus Vivobook 15 OLED A1505VA i5 13500H (MA467W),18.690.000₫,RAM 16 GB,SSD 512 GB,4.9,676
Lenovo V14 G4 i7 1355U (83A00012VN),18.490.000₫,RAM 16 GB,SSD 512 GB,4.9,324
Dell Inspiron 15 3530 i5 1334U (71043885),18.490.000₫,RAM 16 GB,SSD 512 GB,5,650
Lenovo ThinkPad E14 Gen 6 Ultra 5 125U (21M7004LVN),25.690.000₫,RAM 32 GB,SSD 1 TB,5,60
GIGABYTE G5 MF5 RC555 i7 13620H (9RC55MF5FJIINIVN000),24.490.000₫,RAM 16 GB,SSD 512 GB,5,25
HP Elitebook 630 G10 i5 1335U (9J0B4PT),20.190.000₫,RAM 16 GB,SSD 512 GB,5,323
MSI Gaming Thin 15 B13UCX i5 13420H (2080VN),17.190.000₫,RAM 16 GB,SSD 512 GB,5,148
Dell Vostro 3520 i5 1235U (71030559),16.490.000₫,RAM 16 GB,SSD 512 GB,4.9,"2,3k"
Dell Inspiron 15 3530 i7 1355U (N3530-i7U161W11BLU-FP),22.490.000₫,RAM 16 GB,SSD 1 TB,5,207
Asus Gaming Vivobook K3605ZU i5 12500H (RP296W),23.690.000₫,RAM 16 GB,SSD 512 GB,5,352
Asus Vivobook 15 OLED A1505VA i9 13900H (MA586WS),21.990.000₫,RAM 16 GB,SSD 512 GB,5,268
Acer Gaming Nitro AN515 58 773Y i7 12700H (NH.QFKSV.001.16G),24.190.000₫,RAM 16 GB,SSD 512 GB,5,795
Lenovo Gaming LOQ 15IAX9 i5 12450HX (83GS00DBVN),20.690.000₫,RAM 24 GB,SSD 512 GB,5,322
HP Gaming VICTUS 16 s0173AX R5 7640HS (A9LG9PA),22.690.000₫,RAM 16 GB,SSD 512 GB,5,171
HP 240 G9 i3 1215U (6L1X8PA),11.190.000₫,RAM 8 GB,SSD 512 GB,5,527
MSI Modern 14 C13M i5 1335U (611VN),14.190.000₫,RAM 16 GB,SSD 512 GB,5,480
Lenovo ThinkBook 16 G7 Ultra 7 155U (21MS007HVN),29.190.000₫,RAM 32 GB,SSD 1 TB,5,23
MSI VenturePro 16 AI A1VEG Ultra 7 155H (003VN),35.990.000₫,RAM 16 GB,SSD 1 TB,N/A,N/A
Dell Inspiron 15 3530 i5 1334U (N5I5340W1),18.490.000₫,RAM 16 GB,SSD 512 GB,5,"1,2k"
Acer Predator Helios Neo PHN16 71 53M7 i5 13500HX (NH.QLUSV.005),27.690.000₫,RAM 16 GB,SSD 512 GB,4.9,757
Acer Swift Go 14 41 R251 R5 7430U (NX.KG3SV.005),18.490.000₫,RAM 16 GB,SSD 1 TB,5,527
Asus ROG Strix G16 G614JV i7 13650HX (N3515W),36.990.000₫,RAM 32 GB,SSD 1 TB,5,52
HP Pavilion 15 eg3094TU i5 1335U (8C5L5PA),16.190.000₫,RAM 8 GB,SSD 512 GB,5,618
Acer Aspire 5 A515 58M 79R7 i7 13620H (NX.KQ8SV.007),17.990.000₫,RAM 16 GB,SSD 512 GB,4.9,326
Lenovo ThinkPad E16 Ultra 7 155H (21MA004PVN),34.090.000₫,RAM 32 GB,SSD 1 TB,5,43
HP 240 G9 i5 1235U (9T2G2PT),15.890.000₫,RAM 16 GB,SSD 512 GB,5,1k
Lenovo Gaming LOQ 15IRX9 i7 13650HX (83DV00UGVN),29.690.000₫,RAM 24 GB,SSD 512 GB,5,35
Lenovo ThinkBook 14 G6 i7 1355U (21KG00BQVN),21.990.000₫,RAM 16 GB,SSD 512 GB,5,70
MSI Gaming Bravo 15 B7ED R5 7535HS (010VN),17.190.000₫,RAM 16 GB,SSD 512 GB,4.9,"1,4k"
Lenovo ThinkPad E14 Gen 6 Ultra 7 155U (21M7004UVN),28.790.000₫,RAM 16 GB,SSD 512 GB,5,119
Asus Zenbook A14 UX3407QA X1 26 100 (QD299WS),28.490.000₫,RAM 16 GB,SSD 512 GB,5,16
Dell Inspiron 15 3530 i7 1355U (71043888),21.490.000₫,RAM 16 GB,SSD 512 GB,5,"1,1k"
Dell Inspiron 14 5440 Core 7 150U (7FN5J),24.990.000₫,RAM 16 GB,SSD 1 TB,5,791
Dell Inspiron 14 5440 i5 1334U (NDY5V1),20.490.000₫,RAM 16 GB,SSD 512 GB,5,93
Asus TUF Gaming F15 FX507ZC4 i7 12700H (HN181W),22.990.000₫,RAM 16 GB,SSD 512 GB,5,"1,2k"
Asus TUF Gaming A15 FA506NCR R7 7435HS (HN097W),19.990.000₫,RAM 16 GB,SSD 512 GB,4.9,381
Asus Zenbook 14 OLED UX3405MA Ultra 7 155H (PP152W),31.990.000₫,RAM 32 GB,SSD 1 TB,5,502
Acer Swift Lite 14 AI SFL14 51M 56HS Ultra 5 125U (NX.J1HSV.002),18.990.000₫,RAM 16 GB,SSD 512 GB,5,152
MSI Gaming GF63 Thin 12UC i7 12650H (887VN),18.690.000₫,RAM 8 GB,SSD 512 GB,5,"1,1k"
MSI Gaming Sword 16 HX B14VFKG i7 14700HX (045VN),37.690.000₫,RAM 16 GB,SSD 1 TB,4.9,153
Lenovo ThinkBook 14 G7 Ultra 7 155U (21MR0070VN),28.890.000₫,RAM 32 GB,SSD 1 TB,5,19
HP Elitebook 630 G10 i7 1355U (9H1N9PT),24.690.000₫,RAM 16 GB,SSD 512 GB,4.9,189
HP Probook 450 G10 i5 1335U (873D1PA),19.690.000₫,RAM 16 GB,SSD 512 GB,5,311
Lenovo Gaming Legion 5 16IRX9 i7 14650HX (83DG0051VN),40.690.000₫,RAM 16 GB,SSD 1 TB,5,55
Dell Vostro 15 3520 i5 1235U (5M2TT2),14.490.000₫,RAM 8 GB,SSD 512 GB,4.9,"2,3k"
Dell Inspiron 15 3520 i5 1235U (i5U085W11BLU),14.490.000₫,RAM 8 GB,SSD 512 GB,4.9,"4,3k"
HP Envy X360 14 fa0050AU R5 8640HS (A29H8PA),26.590.000₫,RAM 16 GB,SSD 512 GB,5,193
Asus Vivobook 16 A1607CA Ultra 5 225H (MB038WS),20.990.000₫,RAM 16 GB,SSD 512 GB,5,9
Lenovo LOQ 15IRX9 i5 13450HX (83DV003CVN),22.690.000₫,RAM 16 GB,SSD 512 GB,N/A,N/A
Acer Aspire 5 A515 58M 56YX i5 13420H (NX.KQ8SV.005),15.690.000₫,RAM 16 GB,SSD 512 GB,4.9,"1,2k"
Acer Gaming Nitro V ANV15 51 53NE i5 13420H (NH.QNASV.002),20.690.000₫,RAM 16 GB,SSD 512 GB,5,741
HP Gaming VICTUS 16 r0130TX i5 13500H (8C5N5PA),23.690.000₫,RAM 16 GB,SSD 512 GB,4.9,345
Lenovo Legion 5 15IRX9 i7 13650HX (83JJ000FVN),35.690.000₫,RAM 24 GB,SSD 512 GB,5,4
MSI Gaming Stealth 14 AI Studio A1VFG Ultra 7 155H (085VN),50.690.000₫,RAM 32 GB,SSD 1 TB,5,18
HP Elitebook 630 G10 i7 1355U (873F2PA),24.190.000₫,RAM 16 GB,SSD 512 GB,5,326
MSI Prestige 14 AI Studio C1VEG Ultra 7 155H (056VN),33.690.000₫,RAM 32 GB,SSD 1 TB,5,33
Lenovo V15 G4 IRU i5 1335U (83A1000LVN),14.990.000₫,RAM 16 GB,SSD 512 GB,4.9,424
Lenovo ThinkBook 16 G6 i5 13420H (21KH00Q0VN),19.090.000₫,RAM 16 GB,SSD 512 GB,5,92
Dell Inspiron 16 5640 Core 7 150U (N5640-C7U161W11IBU),25.990.000₫,RAM 16 GB,SSD 1 TB,5,571
HP Gaming VICTUS 16 s0077AX R7 7840HS (8C5N6PA),28.990.000₫,RAM 16 GB,SSD 512 GB,5,403
Asus Zenbook 14 OLED UM3406KA R7 AI 350 (PP555WS),29.490.000₫,RAM 32 GB,SSD 512 GB,5,19
Asus TUF Gaming F15 FX507ZC4 i5 12500H (HN229W),21.690.000₫,RAM 16 GB,SSD 1 TB,4.9,"2,7k"
Acer Gaming Nitro 5 Tiger AN515 58 769J i7 12700H (NH.QFHSV.003),20.690.000₫,RAM 8 GB,SSD 512 GB,4.9,"2,1k"
Lenovo Ideapad Slim 5 14IMH9 Ultra 7 155H (83DA001YVN),27.190.000₫,RAM 32 GB,SSD 512 GB,5,76
Acer Gaming Nitro V ANV15 51 55CA i5 13420H (NH.QN8SV.004),24.790.000₫,RAM 16 GB,SSD 512 GB,5,347
MSI Gaming GF63 Thin 12VE i5 12450H (460VN),18.690.000₫,RAM 8 GB,SSD 512 GB,4.9,973
HP Gaming VICTUS 16 s0078AX R5 7640HS (8C5N7PA),22.690.000₫,RAM 16 GB,SSD 512 GB,5,156
MSI Gaming Cyborg 14 A13VE i7 13620H (090VN),27.190.000₫,RAM 16 GB,SSD 512 GB,5,76
Lenovo IdeaPad Slim 5 14IMH9 Ultra 5 125H (83DA001NVN),22.690.000₫,RAM 16 GB,SSD 512 GB,5,161
Lenovo Yoga Pro 7 14IMH9 Ultra 7 155H (83E2005DVN),46.990.000₫,RAM 32 GB,SSD 1 TB,5,3
Lenovo V14 Core 5 120U (83HD0001VN),18.290.000₫,RAM 16 GB,SSD 512 GB,5,39
Dell Inspiron 15 3530 i7 1355U (N5I7301W1),21.490.000₫,RAM 16 GB,SSD 512 GB,5,922
Dell Inspiron 16 5640 Core 7 150U (KHPF5),27.990.000₫,RAM 16 GB,SSD 1 TB,5,271
Dell Inspiron 14 5440 Core 7 150U (N4I7204W1),24.990.000₫,RAM 16 GB,SSD 512 GB,5,567
Asus TUF Gaming A15 FA507NVR R7 7435HS (LP007W),26.990.000₫,RAM 16 GB,SSD 512 GB,5,182
Lenovo IdeaPad Slim 5 OLED 14IRH10 i5 13420H (83HR005YVN),21.190.000₫,RAM 16 GB,SSD 1 TB,N/A,N/A
HP Envy x360 14 fc0094TU Ultra 5 125U (A19C4PA),26.190.000₫,RAM 16 GB,SSD 512 GB,5,428
Acer Aspire 16 AI A16 71M 71U7 Ultra 7 155H (NX.J4YSV.002),21.690.000₫,RAM 16 GB,SSD 512 GB,5,31
Acer Aspire 5 A514 54 5127 i5 1135G7 (NX.A28SV.007),13.590.000₫,RAM 8 GB,SSD 512 GB,4.9,"1,3k"
MSI Prestige 14 AI Studio C1UDXG Ultra 7 155H (058VN),27.690.000₫,RAM 16 GB,SSD 1 TB,5,26
Lenovo V15 G5 IRL Core 5 120U (83HF0000VN),17.590.000₫,RAM 16 GB,SSD 512 GB,5,33
MSI Gaming Katana A15 AI B8VF R7 8845HS (419VN),28.690.000₫,RAM 16 GB,SSD 512 GB,5,34
Asus TUF Gaming A15 FA506NF R5 7535HS (HN012W),17.690.000₫,RAM 16 GB,SSD 512 GB,4.9,"3,2k"
Asus Vivobook S 15 S5507QA X1E 78 100 (MA090WS),28.990.000₫,RAM 32 GB,SSD 1 TB,5,15
HP Probook 450 G10 i7 1355U (873D3PA),22.190.000₫,RAM 16 GB,SSD 512 GB,5,298
Dell Inspiron 15 3530 i5 1334U (P16WD2),18.490.000₫,RAM 16 GB,SSD 512 GB,5,228
Asus Vivobook 15 X1504VA i7 1355U (NJ023W),20.490.000₫,RAM 16 GB,SSD 512 GB,4.9,"1,7k"
Acer Gaming Nitro V ANV15 51 58AN i5 13420H (NH.QNASV.001),17.690.000₫,RAM 8 GB,SSD 512 GB,5,255
Lenovo Yoga Slim 7 14IMH9 Ultra 7 155H (83CV001VVN),31.190.000₫,RAM 32 GB,SSD 1 TB,5,116
Acer Gaming Nitro V ANV15 51 57B2 i5 13420H (NH.QN8SV.001),24.690.000₫,RAM 8 GB,SSD 512 GB,5,227
Lenovo ThinkBook 16 G7 Ultra 5 125U (21MS007GVN),22.190.000₫,RAM 16 GB,SSD 512 GB,5,84
MSI Prestige 13 AI Evo A1MG Ultra 7 155H (062VN),33.690.000₫,RAM 32 GB,SSD 1 TB,5,64
MSI Gaming Katana A15 AI B8VG R7 8845HS (465VN),32.690.000₫,RAM 16 GB,SSD 1 TB,5,18
Lenovo Gaming Legion Pro 5 16IRX9 i9 14900HX (83DF0046VN),52.690.000₫,RAM 32 GB,SSD 1 TB,5,37
Dell Vostro 15 3520 i5 1235U (V3520-i5U165W11GRU),16.490.000₫,RAM 16 GB,SSD 512 GB,4.9,"1,1k"
Dell Vostro 15 3520 i5 1235U (i5U165W11GRU),16.490.000₫,RAM 16 GB,SSD 512 GB,5,"1,5k"
Acer Swift Go 14 AI SFG14 73 53X7 Ultra 5 125H (NX.KSLSV.001),23.290.000₫,RAM 16 GB,SSD 512 GB,5,98
Asus Vivobook S 14 OLED S5406MA Ultra 5 125H (PP136W),24.990.000₫,RAM 16 GB,SSD 1 TB,4.9,568
HP Envy X360 14 fa0048AU R7 8840HS (A19BQPA),28.790.000₫,RAM 16 GB,SSD 512 GB,5,79
Asus Vivobook 16 M1607KA R7 AI 350 (MB091WS),20.990.000₫,RAM 16 GB,SSD 512 GB,5,10
Lenovo ThinkBook 14 Ultra 7 155U (21MR0072VN),26.390.000₫,RAM 16 GB,SSD 512 GB,5,33
Dell Vostro 15 3520 i5 1235U (V5I5610W1),14.490.000₫,RAM 8 GB,SSD 512 GB,4.9,986
HP Pavilion 15 eg3095TU i5 1335U (8C5L6PA),16.190.000₫,RAM 8 GB,SSD 512 GB,5,432
Dell Inspiron 15 3520 i5 1235U (71027003),14.490.000₫,RAM 8 GB,SSD 512 GB,4.9,"1,8k"
Dell Inspiron 15 3530 i7 1355U (P16WD),22.490.000₫,RAM 16 GB,SSD 1 TB,4.9,"1,4k"
Dell Inspiron 15 3520 i5 1235U (71043883),16.490.000₫,RAM 16 GB,SSD 512 GB,5,"1,4k"
Asus Vivobook S 14 S5406SA Ultra 5 226V (PP060WS),25.990.000₫,RAM 16 GB,SSD 512 GB,5,28
Asus Zenbook 14 UX3405CA Ultra 9 285H (PZ204WS),36.990.000₫,RAM 32 GB,SSD 1 TB,N/A,N/A
Lenovo LOQ 15IRX9 i5 13450HX (83DV00PSVN),23.690.000₫,RAM 24 GB,SSD 512 GB,N/A,N/A
HP Probook 450 G10 i7 1355U (9H8H1PT),24.990.000₫,RAM 16 GB,SSD 512 GB,5,80
Lenovo Gaming LOQ 15ARP9 R7 7435HS (83JC003YVN),29.190.000₫,RAM 24 GB,SSD 512 GB,5,20
Asus Vivobook 15 X1504VA i5 1334U (BQ2225WS),16.490.000₫,RAM 16 GB,SSD 512 GB,N/A,N/A
HP Envy x360 14 fc0089TU Ultra 7 155U (A19BZPA),32.190.000₫,RAM 16 GB,SSD 512 GB,5,181
Acer Swift Go 14 AI SFG14 73 71ZX Ultra 7 155H (NX.KSLSV.002),26.290.000₫,RAM 16 GB,SSD 512 GB,5,63
Lenovo ThinkPad E14 Ultra 7 155H (21M70051VN),33.490.000₫,RAM 32 GB,SSD 1 TB,5,15
MSI Gaming Katana A15 AI B8VE R7 8845HS (402VN),26.690.000₫,RAM 16 GB,SSD 512 GB,N/A,2
MSI Gaming Cyborg 15 AI A1VEK Ultra 7 155H (053VN),30.840.000₫,RAM 16 GB,SSD 512 GB,5,17
HP Probook 450 G10 i5 1335U (9H1N5PT),20.190.000₫,RAM 16 GB,SSD 512 GB,5,176
HP Probook 460 G11 Ultra 5 125U (A74BTPT),21.190.000₫,RAM 16 GB,SSD 512 GB,5,42
Lenovo IdeaPad Slim 5 14Q8X9 X1P 42 100 (83HL000KVN),22.490.000₫,RAM 16 GB,SSD 512 GB,N/A,N/A
Asus TUF Gaming Dash F15 FX517ZE i5 12450H (HN045W),21.990.000₫,RAM 8 GB,SSD 512 GB,4.9,413
Asus Vivobook 15 X1504VA i5 1335U (NJ025W),14.490.000₫,RAM 8 GB,SSD 512 GB,4.9,"2,8k"
Asus TUF Gaming A15 FA506NC R5 7535HS (HN017W),19.190.000₫,RAM 16 GB,SSD 512 GB,5,"1,2k"
Dell Inspiron 15 3530 i7 1355U (71026454),21.490.000₫,RAM 16 GB,SSD 512 GB,4.9,1k
Dell G15 5530 i9 13900HX (i9HX161W11GR4060),40.990.000₫,RAM 16 GB,SSD 1 TB,5,81
Asus TUF Gaming F15 FX507VU i7 13620H (LP167W),27.690.000₫,RAM 16 GB,SSD 512 GB,4.9,928
HP VICTUS 16 r0127TX i7 13700H (8C5N2PA),32.690.000₫,RAM 16 GB,SSD 512 GB,5,41
Dell Latitude 3440 i7 1355U (71038103),23.990.000₫,RAM 16 GB,SSD 512 GB,5,105
Acer Swift AI SF14 51 53P9 Ultra 5 226V (NX.J2KSV.002),34.990.000₫,RAM 16 GB,SSD 1 TB,N/A,2
MSI Creator Z17 HX Studio A14VGT i7 14700HX (272VN),71.990.000₫,RAM 32 GB,SSD 2 TB,N/A,1
Lenovo Gaming Legion Slim 5 16AHP9 R7 8845HS (83DH003BVN),40.690.000₫,RAM 32 GB,SSD 1 TB,5,11
Dell Latitude 3450 i5 1335U (L3450-1335U-16512W),18.890.000₫,RAM 16 GB,SSD 512 GB,5,19
Dell Inspiron 7440 Core 7 150U (N7440-C7U161W11IBU),30.990.000₫,RAM 16 GB,SSD 1 TB,5,134
Dell Inspiron 15 3530 i5 1335U (N3530-i5U085W11BLU),16.990.000₫,RAM 8 GB,SSD 512 GB,4.9,1k
Asus Zenbook 14 OLED UX3405MA Ultra 9 185H (PP475W),33.990.000₫,RAM 32 GB,SSD 1 TB,4.9,221
HP Envy X360 14 fc0083TU Ultra 7 155U (A19BSPA),35.190.000₫,RAM 32 GB,SSD 1 TB,4.9,84
Asus Vivobook 14X OLED K3405VC i5 13500H (KM006W),24.490.000₫,RAM 16 GB,SSD 512 GB,4.9,902
MSI Creator M16 HX C14VFG i7 14700HX (040VN),45.990.000₫,RAM 32 GB,SSD 1 TB,5,21
Lenovo Gaming Legion Pro 7 16IRX9H i9 14900HX (83DE001MVN),102.690.000₫,RAM 32 GB,SSD 1 TB,5,3
Lenovo Thinkpad X13 Ultra 5 125U (21LU004NVN),33.990.000₫,RAM 16 GB,SSD 512 GB,5,6
Dell Inspiron 16 5640 Core 7 150U (N6I7512W1),32.490.000₫,RAM 16 GB,SSD 1 TB,5,28
Acer Nitro V 16 ProPanel ANV16 41 R6ZY R5 8645HS (NH.QP2SV.002),23.990.000₫,RAM 16 GB,SSD 512 GB,5,7
Asus Zenbook S 14 UX5406SA Ultra 7 258V (PV140WS),41.990.000₫,RAM 32 GB,SSD 1 TB,5,30
Asus ROG Strix G16 G614JU i7 13650HX (N3509W),34.990.000₫,RAM 32 GB,SSD 1 TB,5,56
Dell Inspiron 7440 Core 5 120U (N4I5006W1),28.490.000₫,RAM 16 GB,SSD 1 TB,5,42
MSI Cyborg 15 A13VFK i7 13620H (876VN),27.990.000₫,RAM 16 GB,SSD 512 GB,5,6
Lenovo Gaming LOQ Essential 15IAX9E i5 12450HX (83LK0036VN),20.190.000₫,RAM 12 GB,SSD 512 GB,5,13
Acer Swift AI SF14 51 75VP Ultra 7 258V (NX.J2KSV.001),39.990.000₫,RAM 32 GB,SSD 1 TB,N/A,1
Asus Vivobook 14 X1404VA i5 1334U (NK771WS),15.990.000₫,RAM 16 GB,SSD 512 GB,N/A,1
Asus TUF Gaming A15 FA507NV R7 7735HS (LP031W),26.890.000₫,RAM 16 GB,SSD 512 GB,4.9,740
Asus TUF Gaming A15 FA507NU R5 7535HS (LP105W),23.690.000₫,RAM 16 GB,SSD 512 GB,4.9,1k
MSI Titan 18 HX AI A2XWIG Ultra 9 285HX (090VN),149.990.000₫,RAM 64 GB,SSD 6 TB,N/A,N/A
Asus Vivobook S 14 S5406SA Ultra 7 258V (PP059WS),31.890.000₫,RAM 32 GB,SSD 1 TB,5,9
HP OMEN 16 xf0071AX R7 7840HS (8W946PA),51.990.000₫,RAM 32 GB,SSD 1 TB,N/A,1
Dell XPS 13 9340 Ultra 7 155H (HXRGT),53.990.000₫,RAM 16 GB,SSD 1 TB,5,47
Asus TUF Gaming A14 FA401WV R9 AI HX 370 (RG062WS),40.990.000₫,RAM 16 GB,SSD 1 TB,5,4
MSI Raider 18 HX AI A2XWIG Ultra 9 285HX (033VN),129.990.000₫,RAM 64 GB,SSD 4 TB,N/A,N/A
Asus Zenbook 14 UX3405CA Ultra 5 225H (PZ187WS),29.990.000₫,RAM 16 GB,SSD 512 GB,5,10
MSI Stealth 18 HX AI A2XWIG Ultra 9 275HX (017VN),99.990.000₫,RAM 32 GB,SSD 2 TB,N/A,N/A
Asus Zenbook 14 UX3405CA Ultra 7 255H (PZ368WS),32.490.000₫,RAM 16 GB,SSD 512 GB,5,6
MSI Prestige 13 AI+ A2VMG Ultra 7 258V (040VN),38.990.000₫,RAM 32 GB,SSD 1 TB,N/A,N/A
MSI Vector 16 HX AI A2XWIG Ultra 9 275HX (062VN),74.990.000₫,RAM 16 GB,SSD 1 TB,N/A,N/A
MSI Prestige 16 AI+ B2VMG Ultra 9 288V (016VN),45.990.000₫,RAM 32 GB,SSD 1 TB,N/A,N/A
Dell XPS 13 9340 Ultra 7 155H (HXRGT2),54.990.000₫,RAM 16 GB,SSD 1 TB,5,9
MSI Gaming Katana A15 AI B8VG R9 8945HS (466VN),40.990.000₫,RAM 16 GB,SSD 1 TB,N/A,1
MacBook Pro 14 inch M4 16GB/512GB,39.690.000₫,RAM 16 GB,SSD 512 GB,5,610
MacBook Pro 14 inch M4 Pro 24GB/512GB,49.090.000₫,RAM 24 GB,SSD 512 GB,5,351
MacBook Pro 14 inch Nano M4 16GB/512GB,41.990.000₫,RAM 16 GB,SSD 512 GB,5,141
MacBook Pro 14 inch M4 Pro 24GB/1TB,54.990.000₫,RAM 24 GB,SSD 1 TB,5,117
MacBook Air 15 inch M4 16GB/256GB,31.990.000₫,RAM 16 GB,SSD 256 GB,5,6
MacBook Pro 14 inch Nano M4 Pro 24GB/512GB,52.790.000₫,RAM 24 GB,SSD 512 GB,5,74
MacBook Pro 14 inch M4,44.690.000₫,RAM 16 GB,SSD 1 TB,5,11
Dell G15 5530 i7 13650HX (i7HX161W11GR4060),36.990.000₫,RAM 16 GB,SSD 1 TB,5,48
MacBook Air 13 inch M2 24GB/512GB,31.490.000₫,RAM 24 GB,SSD 512 GB,5,25
HP Envy X360 14 fc0153TU Ultra 7 155U (AY8V4PA),33.190.000₫,RAM 32 GB,SSD 512 GB,5,7
MacBook Pro 16 inch M4 Pro 48GB/1TB,79.490.000₫,RAM 48 GB,SSD 1 TB,5,37
Macbook Air 13 inch M2 16GB/512GB Sạc 70W,27.590.000₫,RAM 16 GB,SSD 512 GB,5,4
MacBook Pro 16 inch M4 Pro 24GB/1TB,69.490.000₫,RAM 24 GB,SSD 1 TB,5,28
Dell Inspiron 14 5430 i5 1340P (N5430-i5P165W11SL2050),27.490.000₫,RAM 16 GB,SSD 512 GB,5,72
Samsung Galaxy Chromebook Go XE340XDA N4500,8.990.000₫,RAM 4 GB,eMMC 32 GB,5,36
Samsung Galaxy Chromebook Go XE310XDA N4500,7.990.000₫,RAM 4 GB,eMMC 32 GB,5,34
HP Elitebook 635 Aero G11 R5 8640U (A8WS6PT),24.590.000₫,RAM 16 GB,SSD 512 GB,N/A,2
Dell Latitude 5450 Ultra 5 125U (L5450-125U-16512W),24.990.000₫,RAM 16 GB,SSD 512 GB,N/A,2
HP OMEN 16 xf0070AX R9 7940HS (8W945PA),62.890.000₫,RAM 32 GB,SSD 1 TB,5,5
MacBook Pro 16 inch M4 Pro 24GB/512GB,64.490.000₫,RAM 24 GB,SSD 512 GB,5,56
GIGABYTE G6 KF RC56 i7 13620H (9RC56KF0HJJANIVN000),29.590.000₫,RAM 16 GB,SSD 1 TB,N/A,2
Asus Zenbook DUO UX8406CA Ultra 9 285H (PZ109WS),57.990.000₫,RAM 32 GB,SSD 1 TB,N/A,1
Dell Inspiron 15 3530 i7 1355U (N5I7305W1),22.490.000₫,RAM 16 GB,SSD 512 GB,N/A,N/A
Asus Vivobook S 16 S5606CA Ultra 5 225H (RI114WS),26.990.000₫,RAM 16 GB,SSD 512 GB,N/A,1
Asus Vivobook S 16 S5606CA Ultra 7 255H (RI115WS),32.990.000₫,RAM 32 GB,SSD 1 TB,N/A,N/A
Asus Vivobook 14 A1405VA i3 1315U (LY097W),12.990.000₫,RAM 8 GB,SSD 512 GB,4.9,458
HP Elitebook 630 G10 i5 1335U (9J0B5PT),23.290.000₫,RAM 16 GB,SSD 512 GB,5,42
HP Elitebook 630 G10 i7 1355U (9J0B7PT),27.790.000₫,RAM 16 GB,SSD 512 GB,5,28
HP Elitebook X360 830 G11 Ultra 7 165U (A7RC0PT),45.290.000₫,RAM 16 GB,SSD 512 GB,N/A,1
HP Envy X360 14 fa0097AU R5 8640HS (AY8U7PA),26.690.000₫,RAM 16 GB,SSD 512 GB,N/A,2
MacBook Pro 16 inch M4 Max 36GB/1TB,87.990.000₫,RAM 36 GB,SSD 1 TB,5,13
Lenovo Yoga Pro 7 14ASP9 R9 AI 365 (83HN0022VN),40.690.000₫,RAM 32 GB,SSD 1 TB,N/A,N/A
Dell Latitude 5350 Ultra 7 165U (L5350-165U-16512W),29.990.000₫,RAM 16 GB,SSD 512 GB,N/A,1
Dell XPS 13 9350 Ultra 7 256V (XPSU7016W1),56.990.000₫,RAM 16 GB,SSD 512 GB,N/A,1
Lenovo IdeaPad Slim 5 OLED 15ARP10 R7 7735HS (83J3001DVN),21.190.000₫,RAM 16 GB,SSD 512 GB,N/A,N/A
MSI Modern 15 B12MO i7 1255U (487VN),15.690.000₫,RAM 16 GB,SSD 512 GB,4.9,1k
Dell Inspiron 15 3530 i7 1355U (N5I7240W1),21.490.000₫,RAM 16 GB,SSD 512 GB,N/A,N/A
HP Elitebook X360 830 G11 Ultra 5 135U (A7RB9PT),40.790.000₫,RAM 16 GB,SSD 512 GB,N/A,1
HP OMEN Transcend 14 fb0135TX Ultra 7 155H (AY8V1PA),58.990.000₫,RAM 16 GB,SSD 1 TB,N/A,N/A
Lenovo IdeaPad 5 2in1 14Q8X9 X1P 42 100 (83GH001FVN),23.990.000₫,RAM 16 GB,SSD 512 GB,N/A,1
Lenovo IdeaPad Flex 5 14ABR8 R7 7730U (82XX00DLVN),18.990.000₫,RAM 16 GB,SSD 512 GB,N/A,1
Lenovo ThinkPad X1 Carbon Ultra 7 165U (21KC00AGVN),65.390.000₫,RAM 64 GB,SSD 1 TB,N/A,N/A
Lenovo IdeaPad Slim 5 14IMH9 Ultra 5 125H (83DA006TVN),23.690.000₫,RAM 16 GB,SSD 1 TB,N/A,N/A
Lenovo Yoga Pro 7 14IMH9 Ultra 7 155H (83E2006MVN),46.990.000₫,RAM 32 GB,SSD 1 TB,N/A,1
Lenovo Yoga Slim 7 15ILL9 Ultra 7 258V (83HM000GVN),42.690.000₫,RAM 32 GB,SSD 1 TB,N/A,N/A
LG Gram 14Z90S Ultra 5 125H (14Z90S-G.AH55A5),28.790.000₫,RAM 16 GB,SSD 512 GB,N/A,N/A
LG Gram 14Z90S Ultra 7 155H (14Z90S-G.AH75A5),31.190.000₫,RAM 16 GB,SSD 512 GB,N/A,N/A
LG Gram 16Z90S Ultra 7 155H (16Z90S-G.AH76A5),39.690.000₫,RAM 16 GB,SSD 512 GB,N/A,N/A
LG Gram 17Z90S Ultra 7 155H (17Z90S-G.AH78A5),43.190.000₫,RAM 16 GB,SSD 1 TB,N/A,N/A
HP Elitebook 635 Aero G11 R7 8840HS (A8WS7PT),26.990.000₫,RAM 16 GB,SSD 512 GB,N/A,1
Lenovo IdeaPad Slim 3 15IRH10 i7 13620H (83K1000JVN),18.990.000₫,RAM 16 GB,SSD 512 GB,N/A,N/A
Lenovo LOQ 15IAX9 i5 12450HX (83GS001QVN),24.690.000₫,RAM 12 GB,SSD 512 GB,N/A,N/A
Lenovo Legion Slim 5 16AHP9 R7 8845HS (83DH003AVN),37.690.000₫,RAM 16 GB,SSD 512 GB,N/A,N/A
Lenovo ThinkPad T14s Ultra 5 125U (21LS005RVN),35.390.000₫,RAM 16 GB,SSD 512 GB,N/A,N/A
GIGABYTE AORUS 16X X6LAG i7 14650HX (9RX6LASGDDJIXDVN010),43.090.000₫,RAM 16 GB,SSD 1 TB,N/A,N/A
Dell Inspiron 15 3530 i5 1334U (N5I5530W1),18.490.000₫,RAM 16 GB,SSD 512 GB,N/A,1
Asus Vivobook 14 A1407CA Ultra 5 225H (LY008WS),20.990.000₫,RAM 16 GB,SSD 512 GB,N/A,N/A
Asus Vivobook S 16 M5606KA R7 AI 350 (RI016WS),29.490.000₫,RAM 24 GB,SSD 512 GB,N/A,N/A
Lenovo IdeaPad Slim 5 OLED 14IRH10 i5 13420H (83HR0001VN),22.690.000₫,RAM 32 GB,SSD 1 TB,N/A,N/A
Lenovo IdeaPad Slim 3 14IRH10 i5 13420H (83K0000AVN),16.990.000₫,RAM 24 GB,SSD 512 GB,N/A,N/A
HP Elitebook X360 1040 G11 Ultra 7 165H (AM9H3PT),61.990.000₫,RAM 32 GB,SSD 1 TB,N/A,N/A
HP OmniBook Ultra Flip 14 fh0040TU Ultra 7 258V (B13VHPA),53.990.000₫,RAM 32 GB,SSD 1 TB,N/A,N/A
HP OmniBook Ultra Flip 14 fh0038TU Ultra 9 288V (B2CP4PA),57.990.000₫,RAM 32 GB,SSD 1 TB,N/A,N/A
HP OmniBook X 14 fe1010QU X1P 42 100 (B53KBPA),31.990.000₫,RAM 16 GB,SSD 512 GB,N/A,N/A
Acer Predator Helios 18 AI PH18 73 98AQ Ultra 9 275HX (NH.QVWSV.001),149.990.000₫,RAM 192 GB,SSD 6 TB,N/A,N/A
Acer Predator Helios 18 AI PH18 73 93P0 Ultra 9 275HX (NH.QVYSV.001),99.990.000₫,RAM 64 GB,N/A,N/A,N/A
Acer Predator Helios Neo 16S AI PHN16S 71 95MS Ultra 9 275HX (NH.QX7SV.002),69.990.000₫,RAM 64 GB,SSD 2 TB,N/A,N/A
Acer Predator Helios Neo 16S AI PHN16S 71 94T0 Ultra 9 275HX (NH.QX7SV.001),64.490.000₫,RAM 32 GB,SSD 2 TB,N/A,N/A
Asus Zenbook S16 UM5606KA R7 AI 350 (RK113WS),40.990.000₫,RAM 24 GB,SSD 1 TB,N/A,N/A
Asus ROG Strix G16 G614JU i7 13650HX (N3206W),33.390.000₫,RAM 16 GB,SSD 1 TB,N/A,N/A
Asus ROG Strix G16 G614JU i7 13650HX (N4450W),36.290.000₫,RAM 16 GB,SSD 1 TB,N/A,N/A
Asus ROG Strix SCAR 16 G635LW Ultra 9 275HX (RW175W),117.990.000₫,RAM 64 GB,SSD 4 TB,N/A,N/A
Asus ROG Strix SCAR 16 G635LX Ultra 9 275HX (RW179W),141.990.000₫,RAM 64 GB,SSD 4 TB,N/A,N/A
Asus ROG Strix SCAR 18 G835LW Ultra 9 275HX (SA172W),121.990.000₫,RAM 64 GB,SSD 4 TB,N/A,N/A
Asus ROG Strix SCAR 18 G835LX Ultra 9 275HX (SA193W),145.990.000₫,RAM 64 GB,SSD 4 TB,N/A,N/A
Asus ROG Zephyrus G16 GU605CX Ultra 9 285H (QR083W),131.990.000₫,RAM 64 GB,SSD 2 TB,N/A,N/A
MacBook Air 13 inch M4 24GB/512GB,36.990.000₫,RAM 24 GB,SSD 512 GB,5,4
MacBook Air 13 inch M4 32GB/256GB,36.990.000₫,RAM 32 GB,SSD 256 GB,N/A,N/A
MacBook Air 15 inch M4 24GB/256GB,36.990.000₫,RAM 24 GB,SSD 256 GB,N/A,N/A
MacBook Air 15 inch M4 32GB/256GB,41.990.000₫,RAM 32 GB,SSD 256 GB,N/A,N/A
Acer Aspire Lite 15 AL15 71P 517D i5 12450H (NX.J7KSV.001),14.490.000₫,RAM 16 GB,SSD 512 GB,N/A,N/A
